date,mishnah_berurah
2025-07-02,"השכמה א,א"
2025-07-03,"השכמה א,ב-ג"
2025-07-04,"השכמה א,ד-ה"
2025-07-05,"השכמה א,ו-ט"
2025-07-06,"השכמה ב,א-ה"
2025-07-07,"השכמה ב,ו-ג,ב"
2025-07-08,"השכמה ג,ג-ז"
2025-07-09,"השכמה ג,ח-יב"
2025-07-10,"השכמה ג,יג-יז"
2025-07-11,"נט""י שחרית ד,א"
2025-07-12,"נט""י שחרית ד,ב-ז"
2025-07-13,"תעניות תקמט,א-ב"
2025-07-14,"נט""י שחרית ד,ח-יג"
2025-07-15,"נט""י שחרית ד,יד-יז"
2025-07-16,"נט""י שחרית ד,יח-כא"
2025-07-17,"נט""י שחרית ד,כב-ה,א"
2025-07-18,"נט""י שחרית ו,א"
2025-07-19,"נט""י שחרית ו, ב"
2025-07-20,"נט""י שחרית ו,ג-ד"
2025-07-21,"תשעה באב תקנ,א-ב"
2025-07-22,"תשעה באב תקנ,ג-ד"
2025-07-23,"תשעה באב תקנא,א"
2025-07-24,"תשעה באב תקנא,ב"
2025-07-25,"תשעה באב תקנא,ג"
2025-07-26,"תשעה באב תקנא,ד-ז"
2025-07-27,"תשעה באב תקנא,ח-ט"
2025-07-28,"תשעה באב תקנא,י"
2025-07-29,"תשעה באב תקנא,יא-טו"
2025-07-30,"תשעה באב תקנא,טז"
2025-07-31,"תשעה באב תקנא,יז-יח"
2025-08-01,"תשעה באב תקנב,א-ב"
2025-08-02,"תשעה באב תקנב,ג-ח"
2025-08-03,"תשעה באב תקנב,ט-יב"
2025-08-04,"נט""י שחרית ז,א-ד"
2025-08-05,"ציצית ח,א-ב"
2025-08-06,"ציצית ח,ג-ה"
2025-08-07,"ציצית ח,ו-ט"
2025-08-08,"ציצית ח,י-יא"
2025-08-09,"ציצית ח,יב"
2025-08-10,"ציצית ח,יג"
2025-08-11,"ציצית ח,יד"
2025-08-12,"ציצית ח,טו-יז"
2025-08-13,"ציצית ט,א"
2025-08-14,"ציצית ט,ב-ג"
2025-08-15,"ציצית ט,ד-ו"
2025-08-16,"ציצית י,א-ה"
2025-08-17,"ציצית י,ו-ז"
2025-08-18,"ציצית י,ח-י"
2025-08-19,"ציצית י,יא-יב"
2025-08-20,"ציצית יא,א"
2025-08-21,"ציצית יא,ב"
2025-08-22,"ציצית יא,ג"
2025-08-23,"ציצית יא, ד-ה"
2025-08-24,"ציצית יא,ו-ז"
2025-08-25,"ציצית יא,ח-ט"
2025-08-26,"ציצית יא,י-יא"
2025-08-27,"ציצית יא,יב-יד"
2025-08-28,"ציצית יא,טו"
2025-08-29,"ציצית יב,א (סק""ז)"
2025-08-30,"ציצית יב,א (סק""ח)-ג"
2025-08-31,"ציצית יג,א-ב"
2025-09-01,"ציצית יג,ג"
2025-09-02,"ציצית יד,א-ב"
2025-09-03,"ציצית יד,ג"
2025-09-04,"ציצית יד,ד-ה"
2025-09-05,"ציצית טו,א-ב"
2025-09-06,"ציצית טו,ג-ד"
2025-09-07,"סוכה תרכה,א"
2025-09-08,"סוכה תרכו,א"
2025-09-09,"סוכה תרכו,ב"
2025-09-10,"סוכה תרכו,ג"
2025-09-11,"סוכה תרכז,א-ב"
2025-09-12,"סוכה תרכז,ג-ד"
2025-09-13,"סוכה תרכח,א"
2025-09-14,"סוכה תרכח,ב-ג"
2025-09-15,"ראש השנה תקפא,א (סק""ח)"
2025-09-16,"ראש השנה תקפא,א (ט-יד)"
2025-09-17,"ראש השנה תקפא,ב"
2025-09-18,"ראש השנה תקפא,ג-ד"
2025-09-19,"ראש השנה תקפב,א-ב"
2025-09-20,"ראש השנה תקפב,ג-ה"
2025-09-21,"ראש השנה תקפב,ו-ט"
2025-09-22,"ראש השנה תקפג,א-ב"
2025-09-23,"ראש השנה תקפד,א"
2025-09-24,"ראש השנה תקפד,ב-ד"
2025-09-25,"תשובה תרב,א"
2025-09-26,"יום כיפור תרג,א"
2025-09-27,"יום כיפור תרד,א-ב"
2025-09-28,"יום כיפור תרה,א"
2025-09-29,"יום כיפור תרו,א-ב"
2025-09-30,"יום כיפור תרו,ג-ד"
2025-10-01,"יום כיפור תרז,א-ג"
2025-10-02,"יום כיפור תרז,ד-ו"
2025-10-03,"סוכה תרכט,א-ג"
2025-10-04,"סוכה תרכט,ד-ו"
2025-10-05,"סוכה תרכט,ז-יא"
2025-10-06,"סוכה תרכט,יב-יז"
2025-10-07,"סוכה תרכט,יח"
2025-10-08,"סוכה תרכט,יט"
2025-10-09,"סוכה תרל,א-ב"
2025-10-10,"סוכה תרל,ג-ד"
2025-10-11,"סוכה תרל,ה"
2025-10-12,"סוכה תרל,ו-ז"
2025-10-13,"סוכה תרל,ח"
2025-10-14,"סוכה תרל,ט-יא"
2025-10-15,"סוכה תרל,יב-יג"
2025-10-16,"ציצית טו,ה-ו"
2025-10-17,"ציצית טז,א"
2025-10-18,"ציצית יז,א-ג"
2025-10-19,"ציצית יח,א-ג"
2025-10-20,"ציצית יט,א-כ,ב"
2025-10-21,"ציצית כא,א-ב"
2025-10-22,"ציצית כא,ג-כב,א"
2025-10-23,"ציצית כג,א-כד,ו"
2025-10-24,"תפילין כה,א"
2025-10-25,"תפילין כה,ב-ד"
2025-10-26,"תפילין כה,ה"
2025-10-27,"תפילין כה,ו-ט"
2025-10-28,"תפילין כה,י-יא"
2025-10-29,"תפילין כה,יב"
2025-10-30,"תפילין כה,יג"
2025-10-31,"תפילין כו,א-ב"
2025-11-01,"תפילין כז,א"
2025-11-02,"תפילין כז,ב-ג"
2025-11-03,"תפילין כז,ד-ה"
2025-11-04,"תפילין כז,ו-ח"
2025-11-05,"תפילין כז,ט-י"
2025-11-06,"תפילין כז,יא"
2025-11-07,"תפילין כח,א-ג"
2025-11-08,"תפילין כט,א-ל,ב"
2025-11-09,"תפילין ל,ג-ה"
2025-11-10,"תפילין לא,א-ב"
2025-11-11,"תפילין לב,א-ב"
2025-11-12,"תפילין לב,ג"
2025-11-13,"תפילין לב,ד-ה"
2025-11-14,"תפילין לב,ו-ז"
2025-11-15,"תפילין לב,ח-ט"
2025-11-16,"תפילין לב,י-יג"
2025-11-17,"תפילין לב,יד-טו"
2025-11-18,"תפילין לב,טז (ס""ק נב)"
2025-11-19,"תפילין לב, (ס""ק נג-ס)"
2025-11-20,"תפילין לב,יז"
2025-11-21,"תפילין לב,יח (ס""ק עה)"
2025-11-22,"תפילין לב,(ס""ק עו-פא)"
2025-11-23,"תפילין לב,(ס""ק פב-צא)"
2025-11-24,"תפילין לב,יט"
2025-11-25,"תפילין לב,כ-כב"
2025-11-26,"תפילין לב,כג-כד"
2025-11-27,"תפילין לב,כה"
2025-11-28,"תפילין לב,כו-כז"
2025-11-29,"תפילין לב,כח-לב"
2025-11-30,"תפילין לב,לג-לה"
2025-12-01,"תפילין לב,לו (ס""ק קסא)"
2025-12-02,"תפילין לב,לו (קסב-קסד)"
2025-12-03,"תפילין לב,לז"
2025-12-04,"תפילין לב,לח-לט"
2025-12-05,"תפילין לב,מ-מא"
2025-12-06,"תפילין לב,מב-מג"
2025-12-07,"תפילין לב,מד"
2025-12-08,"תפילין לב,מה-מט"
2025-12-09,"תפילין לב,נ-נב"
2025-12-10,"תפילין לג,א-ב"
2025-12-11,"תפילין לג,ג"
2025-12-12,"תפילין לג,ד"
2025-12-13,"תפילין לג,ה"
2025-12-14,"חנוכה תרע,א-ב"
2025-12-15,"חנוכה תרע,ג-תרעא,ב"
2025-12-16,"חנוכה תרעא,ג-ד"
2025-12-17,"חנוכה תרעא,ה-ו"
2025-12-18,"חנוכה תרעא,ז"
2025-12-19,"חנוכה תרעא,ח"
2025-12-20,"חנוכה תרעב,א"
2025-12-21,"חנוכה תרעב,ב"
2025-12-22,"תפילין לד,א"
2025-12-23,"תפילין לד,ב"
2025-12-24,"תפילין לד,ג-ד"
2025-12-25,"תפילין לה,א-לו,א"
2025-12-26,"תפילין לו,ב-ג"
2025-12-27,"תפילין לז,א-ג"
2025-12-28,"תפילין לח,א-ד"
2025-12-29,"תפילין לח,ה-ז"
2025-12-30,"תפילין לח,ח-ט"
2025-12-31,"תפילין לח,י-יג"
2026-01-01,"תפילין לט,א"
2026-01-02,"תפילין לט,ב-ג"
2026-01-03,"תפילין לט,ד-ז"
2026-01-04,"תפילין לט,ח-י"
2026-01-05,"תפילין מ,א-ב"
2026-01-06,"תפילין מ, ג-ח"
2026-01-07,"תפילין מא,א"
2026-01-08,"תפילין מב,א-ב"
2026-01-09,"תפילין מב,ג (סקט""ז)"
2026-01-10,"תפילין מב,ג (יז-כו)"
2026-01-11,"תפילין מג,א-ד"
2026-01-12,"תפילין מג,ה-ט"
2026-01-13,"תפילין מד,א"
2026-01-14,"תפילין מה,א-ב"
2026-01-15,"ברכות השחר מו,א-ג"
2026-01-16,"ברכות השחר מו,ד-ח"
2026-01-17,"ברכות השחר מו,ט"
2026-01-18,"ברכות השחר מז,א-ד"
2026-01-19,"ברכות השחר מז,ה-ט"
2026-01-20,"ברכות השחר מז,י-יב"
2026-01-21,"ברכות השחר מז,יג-יד"
2026-01-22,"ברכות השחר מח,א-מט,א"
2026-01-23,"ברכות השחר נ,א-נא,ג"
2026-01-24,"ברכות השחר נא,ד-ה"
2026-01-25,"ברכות השחר נא,ו-ט"
2026-01-26,"ברכות השחר נב,א"
2026-01-27,"ברכות השחר נג,א-ג"
2026-01-28,"ברכות השחר נג,ד"
2026-01-29,"ברכות השחר נג,ה-ו"
2026-01-30,"ברכות השחר נג,ז-י"
2026-01-31,"ברכות השחר נג,יא-טז"
2026-02-01,"ברכות השחר נג,יז-יט"
2026-02-02,"ברכות השחר נג,כ-כב"
2026-02-03,"ברכות השחר נג,כג-כד"
2026-02-04,"ברכות השחר נג,כה"
2026-02-05,"ברכות השחר נג,כו-נד,ב"
2026-02-06,"ברכות השחר נד,ג"
2026-02-07,"ברכות השחר נה,א-ב"
2026-02-08,"ברכות השחר נה,ג-ד"
2026-02-09,"ברכות השחר נה,ה-ט"
2026-02-10,"ברכות השחר נה,י-יג"
2026-02-11,"ברכות השחר נה,יד-יז"
2026-02-12,"ברכות השחר נה,יח-כב"
2026-02-13,"ברכות השחר נו,א"
2026-02-14,"ברכות השחר נו,ב-נז,ב"
2026-02-15,"קריאת שמע נח,א"
2026-02-16,"קריאת שמע נח,ב-ד"
2026-02-17,"קריאת שמע נח,ה-ז"
2026-02-18,"קריאת שמע נט,א-ב"
2026-02-19,"קריאת שמע נט,ג-ד"
2026-02-20,"קריאת שמע נט,ה-ס,ב"
2026-02-21,"קריאת שמע ס,ג-ד"
2026-02-22,"קריאת שמע ס,ה-סא,ב"
2026-02-23,"קריאת שמע סא,ג-ו"
2026-02-24,"קריאת שמע סא,ז-יג"
2026-02-25,"קריאת שמע סא,יד-כא"
2026-02-26,"מגילה תרפה,א-ה"
2026-02-27,"מגילה תרפה,ו-ז"
2026-02-28,"מגילה תרפו,א-ג"
2026-03-01,"מגילה תרפז,א-ב"
2026-03-02,"מגילה תרפח,א-ב"
2026-03-03,"מגילה, פסח תרפח,ג-ה, תכט,א"
2026-03-04,"מגילה, פסח תרפח,ו-ח, תכט,ב"
2026-03-05,"פסח תל,א-תלא,א"
2026-03-06,"פסח תלא,ב-תלב,א"
2026-03-07,"פסח תלב,ב"
2026-03-08,"פסח תלג,א-ג"
2026-03-09,"פסח תלג,ד-ז"
2026-03-10,"פסח תלג,ח-ט"
2026-03-11,"פסח תלג,י-תלד,א"
2026-03-12,"פסח תלד,ב-ד"
2026-03-13,"פסח תלה,א"
2026-03-14,"פסח תלו,א"
2026-03-15,"פסח תלו,ב-ג"
2026-03-16,"פסח תלז,א-ב"
2026-03-17,"פסח תלז,ג-ד"
2026-03-18,"פסח תלח,א-ב"
2026-03-19,"פסח תלט,א-ד"
2026-03-20,"פסח תמ,א"
2026-03-21,"פסח תמ,ב-ד"
2026-03-22,"פסח תמא,א-ב"
2026-03-23,"פסח תמב,א"
2026-03-24,"פסח תמב,ב-ג"
2026-03-25,"פסח תמב,ד-ה"
2026-03-26,"פסח תמב,ו-ח"
2026-03-27,"פסח תמב,ט"
2026-03-28,"פסח תמב,י-יא"
2026-03-29,"פסח תמג,א"
2026-03-30,"פסח תמג,ב"
2026-03-31,"פסח תמג,ג"
2026-04-01,"פסח תמד,א-ב"
2026-04-02,"פסח תמד,ג-ה"
2026-04-03,"פסח תמד,ו-ח"
2026-04-04,"פסח תמה,א"
2026-04-05,"פסח תמה,ב-ג"
2026-04-06,"פסח תמו,א"
2026-04-07,"פסח תמו,ב-ד"
2026-04-08,"ספירת העומר תפט,א"
2026-04-09,"ספירת העומר תפט,ב-ג"
2026-04-10,"ספירת העומר תפט,ד-ו"
2026-04-11,"ספירת העומר תפט,ז-ט"
2026-04-12,"ספירת העומר תפט,י"
2026-04-13,"קריאת שמע סא,כב-כו"
2026-04-14,"קריאת שמע סב,א-ה"
2026-04-15,"קריאת שמע סג,א-ג"
2026-04-16,"קריאת שמע סג,ד-ט"
2026-04-17,"קריאת שמע סד,א-ד"
2026-04-18,"קריאת שמע סה,א"
2026-04-19,"קריאת שמע סה,ב-ג"
2026-04-20,"קריאת שמע סו,א"
2026-04-21,"קריאת שמע סו,ב-ג"
2026-04-22,"קריאת שמע סו,ד-ה"
2026-04-23,"קריאת שמע סו,ו-ח"
2026-04-24,"קריאת שמע סו,ט-י"
2026-04-25,"קריאת שמע סז,א"
2026-04-26,"קריאת שמע סח,א"
2026-04-27,"קריאת שמע סט, א (מחבר)"
2026-04-28,"קריאת שמע סט,א (רמ""א)-ב"
2026-04-29,"קריאת שמע ע,א-ג"
2026-04-30,"קריאת שמע ע,ד-ה"
2026-05-01,"קריאת שמע עא,א"
2026-05-02,"קריאת שמע עא,ב-ז"
2026-05-03,"קריאת שמע עב,א-ה"
2026-05-04,"קריאת שמע עג,א-ד"
2026-05-05,"קריאת שמע עד,א"
2026-05-06,"קריאת שמע עד,ב-ד"
2026-05-07,"קריאת שמע עד,ה-עה,א"
2026-05-08,"קריאת שמע עה,ב-ג"
2026-05-09,"קריאת שמע עה,ד-ו"
2026-05-10,"קריאת שמע עו,א-ג"
2026-05-11,"קריאת שמע עו,ד-ו"
2026-05-12,"קריאת שמע עו,ז-ח"
2026-05-13,"קריאת שמע עז,א-ב"
2026-05-14,"קריאת שמע עח,א"
2026-05-15,"קריאת שמע עט,א"
2026-05-16,"קריאת שמע עט,ב-ג"
2026-05-17,"חג השבועות תצד,א-ב"
2026-05-18,"חג השבועות תצד,ג"
2026-05-19,"יום טוב תצה,א-ג"
2026-05-20,"יום טוב תצה,ד"
2026-05-21,"יום טוב תצו,א"
2026-05-22,"יום טוב תצו,ב"
2026-05-23,"יום טוב תצו,ג"
2026-05-24,"קריאת שמע עט,ד-ח"
2026-05-25,"קריאת שמע עט,ט-פ,א"
2026-05-26,"קריאת שמע פא,א-ב"
2026-05-27,"קריאת שמע פב,א-פג,א"
2026-05-28,"קריאת שמע פג,ב-ה"
2026-05-29,"קריאת שמע פד,א"
2026-05-30,"קריאת שמע פה,א-ב"
2026-05-31,"קריאת שמע פו,א-פז,א"
2026-06-01,"קריאת שמע פז,ב-ג"
2026-06-02,"קריאת שמע פח,א"
2026-06-03,"תפילה פט,א"
2026-06-04,"תפילה פט,ב"
2026-06-05,"תפילה פט,ג-ד"
2026-06-06,"תפילה פט,ה-ז"
2026-06-07,"תפילה פט,ח-צ,ג"
2026-06-08,"תפילה צ,ד-ז"
2026-06-09,"תפילה צ,ח-ט"
2026-06-10,"תפילה צ,י-יב"
2026-06-11,"תפילה צ,יג-יח"
2026-06-12,"תפילה צ,יט-כג"
2026-06-13,"תפילה צ,כד-כז"
2026-06-14,"תפילה צא,א-ו"
2026-06-15,"תפילה צב,א"
2026-06-16,"תפילה צב,ב-ג"
2026-06-17,"תפילה צב,ד-ז"
2026-06-18,"תפילה צב,ח-צג,ד"
2026-06-19,"תפילה צד,א-ב"
2026-06-20,"תפילה צד,ג-ח"
2026-06-21,"תפילה צד,ט-צה,ד"
2026-06-22,"תפילה צו,א-ב"
2026-06-23,"תפילה צז,א-ה"
2026-06-24,"תפילה צח,א-ה"
2026-06-25,"תפילה צט,א-ג"
2026-06-26,"תפילה ק,א-קא,ב"
2026-06-27,"תפילה קא,ג-ד"
2026-06-28,"תפילה קב,א-ה"
2026-06-29,"תפילה קג,א-קד,א"
2026-06-30,"תפילה קד,ב-ד"
2026-07-01,"תפילה קד,ה-ו"
2026-07-02,"תעניות תקמט,א-ב"
2026-07-03,"תפילה קד,ז-קו,א"
2026-07-04,"תפילה קו,ב"
2026-07-05,"תפילה קז,א-ב"
2026-07-06,"תפילה קז, ג-קח,ב"
2026-07-07,"תשעה באב תקנג,א-ב"
2026-07-08,"תשעה באב תקנד,א-ג"
2026-07-09,"תשעה באב תקנד,ד-ו"
2026-07-10,"תשעה באב תקנד,ז-י"
2026-07-11,"תשעה באב תקנד,יא-טז"
2026-07-12,"תשעה באב תקנד,יז-כא"
2026-07-13,"תשעה באב תקנד,כב-כה"
2026-07-14,"תשעה באב תקנה,א-תקנו,א"
2026-07-15,"תשעה באב תקנז,א"
2026-07-16,"תשעה באב תקנח,א"
2026-07-17,"תשעה באב תקנט,א-ג"
2026-07-18,"תשעה באב תקנט,ד-ו"
2026-07-19,"תשעה באב תקנט,ז-ח"
2026-07-20,"תשעה באב תקנט,ט-י"
2026-07-21,"תשעה באב תקס,א-ב"
2026-07-22,"תשעה באב תקס,ג-ה"
2026-07-23,"תשעה באב תקסא,א-ה"
2026-07-24,"תפילה קח,ג-ז"
2026-07-25,"תפילה קח,ח-י"
2026-07-26,"תפילה קח,יא-יב"
2026-07-27,"תפילה קט,א"
2026-07-28,"תפילה קט,ב-ג"
2026-07-29,"תפילה קי,א-ג"
2026-07-30,"תפילה קי,ד-ו"
2026-07-31,"תפילה קי,ז-ח"
2026-08-01,"תפילה קיא,א-קיב,ב"
2026-08-02,"תפילה קיג,א-ט"
2026-08-03,"תפילה קיד,א-ב"
2026-08-04,"תפילה קיד,ג-ד"
2026-08-05,"תפילה קיד,ה-ו"
2026-08-06,"תפילה קיד,ז-ח"
2026-08-07,"תפילה קיד,ט-קטו,א"
2026-08-08,"תפילה קטז,א-קיז,א"
2026-08-09,"תפילה קיז,ב-ג"
2026-08-10,"תפילה קיז,ד-קיח,א"
2026-08-11,"תפילה קיט,א-ב"
2026-08-12,"תפילה קיט,ג-קכ,א"
2026-08-13,"תפילה קכא,א-קכב,א"
2026-08-14,"תפילה קכב,ב-קכג,ב"
2026-08-15,"תפילה קכג,ג-ו"
2026-08-16,"תפילה קכד,א-ג"
2026-08-17,"תפילה קכד,ד-ה"
2026-08-18,"תפילה קכד,ו-ז"
2026-08-19,"תפילה קכד,ח"
2026-08-20,"תפילה קכד,ט-יד"
2026-08-21,"תפילה קכה,א-ב"
2026-08-22,"תפילה קכו,א-ב"
2026-08-23,"תפילה קכו,ג-קכז,ב"
2026-08-24,"נשיאת כפים קכח,א"
2026-08-25,"נשיאת כפים קכח,ב-ג"
2026-08-26,"סוכה תרלא,א-ה"
2026-08-27,"סוכה תרלא,ו-ח"
2026-08-28,"סוכה תרלא,ט"
2026-08-29,"סוכה תרלא,י"
2026-08-30,"סוכה תרלב,א"
2026-08-31,"סוכה תרלב,ב-ד"
2026-09-01,"סוכה תרלג,א-ב"
2026-09-02,"סוכה תרלג,ג-ו"
2026-09-03,"סוכה תרלג,ז-י"
2026-09-04,"ראש השנה תקפה,א-ב"
2026-09-05,"ראש השנה תקפה,ג-ה"
2026-09-06,"ראש השנה תקפו,א"
2026-09-07,"ראש השנה תקפו,ב-ג"
2026-09-08,"ראש השנה תקפו,ד-ה"
2026-09-09,"ראש השנה תקפו,ו-ז"
2026-09-10,"ראש השנה תקפו,ח"
2026-09-11,"ראש השנה תקפו,ט-י"
2026-09-12,"ראש השנה תקפו,יא-יט"
2026-09-13,"ראש השנה תקפו,כ-כג"
2026-09-14,"יום כיפור תרח,א-ב"
2026-09-15,"יום כיפור תרח,ג-ד"
2026-09-16,"יום כיפור תרט,א-תרי,ד"
2026-09-17,"יום כיפור תריא,א-ב"
2026-09-18,"יום כיפור תריב,א-ג"
2026-09-19,"יום כיפור תריב,ד-ז"
2026-09-20,"יום כיפור תריב,ח-י"
2026-09-21,"יום כיפור תריג,א-ד"
2026-09-22,"סוכה תרלד,א-ב"
2026-09-23,"סוכה תרלד,ג-ד"
2026-09-24,"סוכה תרלה,א"
2026-09-25,"סוכה תרלו,א-ב"
2026-09-26,"סוכה תרלז,א-ב"
2026-09-27,"סוכה תרלז,ג"
2026-09-28,"סוכה תרלח,א"
2026-09-29,"סוכה תרלח,ב"
2026-09-30,"לולב תרסד,א-ד"
2026-10-01,"לולב תרסד,ה-יא"
2026-10-02,"לולב תרסה,א-תרסו,א"
2026-10-03,"לולב תרסז,א"
2026-10-04,"לולב תרסח,א"
2026-10-05,"נשיאת כפים קכח,ד-ה"
2026-10-06,"נשיאת כפים קכח,ו-ח"
2026-10-07,"נשיאת כפים קכח,ט-י"
2026-10-08,"נשיאת כפים קכח,יא-יד"
2026-10-09,"נשיאת כפים קכח,טו-יח"
2026-10-10,"נשיאת כפים קכח,יט-כ"
2026-10-11,"נשיאת כפים קכח,כא-כג"
2026-10-12,"נשיאת כפים קכח,כד-כה"
2026-10-13,"נשיאת כפים קכח,כו-כט"
2026-10-14,"נשיאת כפים קכח,ל-לג"
2026-10-15,"נשיאת כפים קכח,לד-לו"
2026-10-16,"נשיאת כפים קכח,לז-לח"
2026-10-17,"נשיאת כפים קכח,לט-מא"
2026-10-18,"נשיאת כפים קכח,מב-מד"
2026-10-19,"נשיאת כפים קכח,מה"
2026-10-20,"נשיאת כפים קכט,א-ב"
2026-10-21,"נשיאת כפים קל,א"
2026-10-22,"נפילת אפים קלא,א"
2026-10-23,"נפילת אפים קלא,ב-ג"
2026-10-24,"נפילת אפים קלא,ד"
2026-10-25,"נפילת אפים קלא,ה-ז"
2026-10-26,"נפילת אפים קלא,ח"
2026-10-27,"תפילה קלב,א"
2026-10-28,"תפילה קלב,ב"
2026-10-29,"תפילה קלג,א-קלד,א"
2026-10-30,"תפילה קלד,ב"
2026-10-31,"תפילה קלה,א-ב"
2026-11-01,"תפילה קלה,ג-ה"
2026-11-02,"תפילה קלה,ו-ט"
2026-11-03,"תפילה קלה,י"
2026-11-04,"תפילה קלה,יא-יד"
2026-11-05,"תפילה קלו,א"
2026-11-06,"קריאת התורה קלז,א-ג"
2026-11-07,"קריאת התורה קלז,ד"
2026-11-08,"קריאת התורה קלז,ה-ו"
2026-11-09,"קריאת התורה קלח,א"
2026-11-10,"קריאת התורה קלט,א-ג"
2026-11-11,"קריאת התורה קלט,ד-ה"
2026-11-12,"קריאת התורה קלט,ו-יא"
2026-11-13,"קריאת התורה קמ,א-ג"
2026-11-14,"קריאת התורה קמא,א-ג"
2026-11-15,"קריאת התורה קמא,ד-ח"
2026-11-16,"קריאת התורה קמב,א-ב"
2026-11-17,"קריאת התורה קמג,א-ג"
2026-11-18,"קריאת התורה קמג,ד (סק""כ)"
2026-11-19,"קריאת התורה קמג,ד (כא-כה)"
2026-11-20,"קריאת התורה קמג,ד (כו-לב)"
2026-11-21,"קריאת התורה קמג,ה-קמד,ג"
2026-11-22,"קריאת התורה קמד,ד-קמה,ג"
2026-11-23,"קריאת התורה קמו,א-ב"
2026-11-24,"קריאת התורה קמז,א"
2026-11-25,"קריאת התורה קמז,ב-ח"
2026-11-26,"קריאת התורה קמח,א-קמט,א"
2026-11-27,"בית הכנסת קנ,א-ג"
2026-11-28,"בית הכנסת קנ,ד-ה"
2026-11-29,"בית הכנסת קנא,א"
2026-11-30,"בית הכנסת קנא,ב-ו"
2026-12-01,"בית הכנסת קנא,ז-י"
2026-12-02,"בית הכנסת קנא,יא-יב"
2026-12-03,"חנוכה תרעג,א (סקי""ג)"
2026-12-04,"חנוכה תרעג,א (י""ד-כ""ד)"
2026-12-05,"חנוכה תרעג,ב-ד"
2026-12-06,"חנוכה תרעד,א-ב"
2026-12-07,"חנוכה תרעה,א-ג"
2026-12-08,"חנוכה תרעו,א-ד"
2026-12-09,"חנוכה תרעו,ה"
2026-12-10,"בית הכנסת קנב,א-סק""ח"
2026-12-11,"בית הכנסת קנב,א (סק""ט-יב)"
2026-12-12,"בית הכנסת קנג,א-ד"
2026-12-13,"בית הכנסת קנג,ה"
2026-12-14,"בית הכנסת קנג,ו-ז (ס""ק לב)"
2026-12-15,"בית הכנסת קנג,ז (לג-לח)"
2026-12-16,"בית הכנסת קנג,ז (לט-מז)"
2026-12-17,"בית הכנסת קנג,ח-ט"
2026-12-18,"בית הכנסת קנג,י"
2026-12-19,"בית הכנסת קנג,יא"
2026-12-20,"בית הכנסת קנג,יב-טו"
2026-12-21,"בית הכנסת קנג,טז-יז"
2026-12-22,"בית הכנסת קנג,יח-כ"
2026-12-23,"בית הכנסת קנג,כא-כב"
2026-12-24,"בית הכנסת קנד,א-ב"
2026-12-25,"בית הכנסת קנד,ג"
2026-12-26,"בית הכנסת קנד,ד-ו"
2026-12-27,"בית הכנסת קנד,ז-ח"
2026-12-28,"בית הכנסת קנד,ט-יא"
2026-12-29,"בית כנסת קנד,יב-יד"
2026-12-30,"בית כנסת קנד,טו"
2026-12-31,"בית כנסת קנה,א-ב"
2027-01-01,"בית כנסת קנו,א"
2027-01-02,"נטילת ידים קנז,א-קנח,א"
2027-01-03,"נטילת ידים קנח,ב-ד"
2027-01-04,"נטילת ידים קנח,ה-י"
2027-01-05,"נטילת ידים קנח,יא-יג"
2027-01-06,"נטילת ידים קנט,א"
2027-01-07,"נטילת ידים קנט,ב"
2027-01-08,"נטילת ידים קנט,ג-ד"
2027-01-09,"נטילת ידים קנט,ה"
2027-01-10,"נטילת ידים קנט,ו"
2027-01-11,"נטילת ידים קנט,ז"
2027-01-12,"נטילת ידים קנט,ח"
2027-01-13,"נטילת ידים קנט,ט-י"
2027-01-14,"נטילת ידים קנט,יא-יד"
2027-01-15,"נטילת ידים קנט,טו-כ"
2027-01-16,"נטילת ידים קס,א-ב"
2027-01-17,"נטילת ידים קס,ג-ו"
2027-01-18,"נטילת ידים קס,ז-י"
2027-01-19,"נטילת ידים קס,יא"
2027-01-20,"נטילת ידים קס,יב"
2027-01-21,"נטילת ידים קס,יג-טו"
2027-01-22,"נטילת ידים קסא,א"
2027-01-23,"נטילת ידים קסא,ב-ד"
2027-01-24,"נטילת ידים קסב,א"
2027-01-25,"נטילת ידים קסב,ב-ג"
2027-01-26,"נטילת ידים קסב,ד"
2027-01-27,"נטילת ידים קסב,ה-ז"
2027-01-28,"נטילת ידים קסב,ח"
2027-01-29,"נטילת ידים קסב,ט-י"
2027-01-30,"נטילת ידים קסג,א-ב"
2027-01-31,"נטילת ידים קסד,א"
2027-02-01,"נטילת ידים קסד,ב"
2027-02-02,"נטילת ידים קסה,א"
2027-02-03,"נטילת ידים קסה,ב-קסו,א"
2027-02-04,"נטילת ידים קסז,א-ב"
2027-02-05,"נטילת ידים קסז,ג-ה"
2027-02-06,"נטילת ידים קסז,ו"
2027-02-07,"נטילת ידים קסז,ז-י"
2027-02-08,"נטילת ידים קסז,יא-יג"
2027-02-09,"נטילת ידים קסז,יד-טו"
2027-02-10,"נטילת ידים קסז,טז-כ"
2027-02-11,"נטילת ידים קסח,א-ד"
2027-02-12,"נטילת ידים קסח,ה"
2027-02-13,"נטילת ידים קסח,ו"
2027-02-14,"נטילת ידים קסח,ז"
2027-02-15,"נטילת ידים קסח,ח"
2027-02-16,"נטילת ידים קסח,ט-י"
2027-02-17,"נטילת ידים קסח,יא-יב"
2027-02-18,"נטילת ידים קסח,יג"
2027-02-19,"נטילת ידים קסח,יד-טו"
2027-02-20,"נטילת ידים קסח,טז-יז"
2027-02-21,"נטילת ידים קסט,א-ב"
2027-02-22,"נטילת ידים קסט,ג-קע,א"
2027-02-23,"נטילת ידים קע,ב-ח"
2027-02-24,"נטילת ידים קע,ט-יז"
2027-02-25,"נטילת ידים קע,יח-כב"
2027-02-26,"נטילת ידים קעא,א"
2027-02-27,"נטילת ידים קעא,ב-קעב,ב"
2027-02-28,"סעודה קעג,א-קעד,א"
2027-03-01,"סעודה קעד,ב-ג"
2027-03-02,"סעודה קעד,ד"
2027-03-03,"סעודה קעד,ה-ו"
2027-03-04,"סעודה קעד,ז"
2027-03-05,"סעודה קעד,ח"
2027-03-06,"סעודה קעה,א-ב"
2027-03-07,"סעודה קעה,ג-ו"
2027-03-08,"סעודה קעו,א"
2027-03-09,"סעודה קעז,א"
2027-03-10,"סעודה קעז,ב-ג"
2027-03-11,"סעודה קעז,ד-ה"
2027-03-12,"סעודה קעח,א"
2027-03-13,"סעודה קעח,ב (סקכ""ה)"
2027-03-14,"סעודה קעח,ב (כ""ו-ל""ו)"
2027-03-15,"סעודה קעח,ג"
2027-03-16,"סעודה קעח,ד-ז"
2027-03-17,"סעודה קעט,א"
2027-03-18,"מגילה תרפט,א-ב"
2027-03-19,"מגילה תרפט,ג-ו"
2027-03-20,"מגילה תרצ,א-ג"
2027-03-21,"מגילה תרצ,ד-ה"
2027-03-22,"מגילה תרצ,ו-י"
2027-03-23,"פסח תמז,א (סק""ח)"
2027-03-24,"פסח תמז,א (ט-יג)"
2027-03-25,"פסח תמז,ב"
2027-03-26,"פסח תמז,ג"
2027-03-27,"פסח תמז,ד"
2027-03-28,"פסח תמז,ה-סקמ""ה"
2027-03-29,"פסח תמז,ה (מו-נח)"
2027-03-30,"פסח תמז,ה (נט-סה)"
2027-03-31,"פסח תמז,ה (סו-עז)"
2027-04-01,"פסח תמז,ו-ז"
2027-04-02,"פסח תמז,ח"
2027-04-03,"פסח תמז,ט"
2027-04-04,"פסח תמז,י"
2027-04-05,"פסח תמז,יא"
2027-04-06,"פסח תמז,יב"
2027-04-07,"פסח תמח,א-ב"
2027-04-08,"פסח תמח,ג (סק""ט)"
2027-04-09,"פסח תמח,ג (סק""י-י""ב)"
2027-04-10,"פסח תמח,ג (י""ג-י""ח)"
2027-04-11,"פסח תמח,ג (י""ט-כ""א)"
2027-04-12,"פסח תמח,ד"
2027-04-13,"פסח תמח,ה-ו"
2027-04-14,"פסח תמח,ז"
2027-04-15,"פסח תמט,א-תנ,א"
2027-04-16,"פסח תנ,ב-ג"
2027-04-17,"פסח תנ,ד-ה"
2027-04-18,"פסח תנ,ו"
2027-04-19,"פסח תנ,ז"
2027-04-20,"פסח תנא,א"
2027-04-21,"פסח תנא,ב-ג"
2027-04-22,"פסח תנא,ד"
2027-04-23,"פסח תנא,ה-ו"
2027-04-24,"פסח תנא,ז-יא"
2027-04-25,"פסח תנא,יב"
2027-04-26,"פסח תנא,יג"
2027-04-27,"פסח תנא,יד-טו"
2027-04-28,"פסח תנא,טז"
2027-04-29,"פסח תנא,יז"
2027-04-30,"סעודה קעט,ב-ד"
2027-05-01,"סעודה קעט,ה-קפ,ג"
2027-05-02,"סעודה קפ,ד-קפא,ב"
2027-05-03,"סעודה קפא,ג-ו"
2027-05-04,"סעודה קפא,ז-י"
2027-05-05,"ברכת המזון קפב,א-ב"
2027-05-06,"ברכת המזון קפב,ג-ז"
2027-05-07,"ברכת המזון קפג,א-ד"
2027-05-08,"ברכת המזון קפג,ה-ו"
2027-05-09,"ברכת המזון קפג,ז-יב"
2027-05-10,"ברכת המזון קפד,א-ד"
2027-05-11,"ברכת המזון קפד,ה-ו"
2027-05-12,"ברכת המזון קפה,א-ד"
2027-05-13,"ברכת המזון קפה,ה"
2027-05-14,"ברכת המזון קפו,א-ב"
2027-05-15,"ברכת המזון קפז,א-ב"
2027-05-16,"ברכת המזון קפז,ג-ד"
2027-05-17,"ברכת המזון קפח,א-ד"
2027-05-18,"ברכת המזון קפח,ה-ו"
2027-05-19,"ברכת המזון קפח,ז"
2027-05-20,"ברכת המזון קפח,ח-י"
2027-05-21,"ברכת המזון קפט,א-ב"
2027-05-22,"ברכת המזון קצ,א-ג"
2027-05-23,"ברכת המזון קצ,ד-ה"
2027-05-24,"ברכת המזון קצא,א-ג"
2027-05-25,"ברכת המזון קצב,א-ב"
2027-05-26,"ברכת המזון קצג,א"
2027-05-27,"ברכת המזון קצג,ב-ג"
2027-05-28,"ברכת המזון קצג,ד-ה"
2027-05-29,"ברכת המזון קצג,ו"
2027-05-30,"ברכת המזון קצד,א-ג"
2027-05-31,"יום טוב תצז,א-ב"
2027-06-01,"יום טוב תצז,ג-ה"
2027-06-02,"יום טוב תצז,ו-ז"
2027-06-03,"יום טוב תצז,ח-ט"
2027-06-04,"יום טוב תצז,י-יג"
2027-06-05,"יום טוב תצז,יד-טו"
2027-06-06,"יום טוב תצז,טז-יז"
2027-06-07,"יום טוב תצח,א-ב"
2027-06-08,"יום טוב תצח,ג-ד"
2027-06-09,"יום טוב תצח,ה-ו"
2027-06-10,"יום טוב תצח,ז-ח"
2027-06-11,"יום טוב תצח,ט-י"
2027-06-12,"יום טוב תצח,יא-יג"
2027-06-13,"יום טוב תצח,יד-טו"
2027-06-14,"יום טוב תצח,טז-יז"
2027-06-15,"יום טוב תצח,יח"
2027-06-16,"יום טוב תצח,יט-כ"
2027-06-17,"ברכת המזון קצה,א-ג"
2027-06-18,"ברכת המזון קצו,א-ב"
2027-06-19,"ברכת המזון קצו,ג-ד"
2027-06-20,"ברכת המזון קצז,א"
2027-06-21,"ברכת המזון קצז,ב-ג"
2027-06-22,"ברכת המזון קצז,ד"
2027-06-23,"ברכת המזון קצח,א"
2027-06-24,"ברכת המזון קצט,א-ה"
2027-06-25,"ברכת המזון קצט,ו-ט"
2027-06-26,"ברכת המזון קצט,י-יא"
2027-06-27,"ברכת המזון ר,א"
2027-06-28,"ברכת המזון ר,ב"
2027-06-29,"ברכת המזון רא,א"
2027-06-30,"ברכת המזון רא,ב-ד"
2027-07-01,"ברכת המזון רב,א"
2027-07-02,"ברכת המזון רב,ב"
2027-07-03,"ברכת המזון רב,ג-ד"
2027-07-04,"ברכת המזון רב,ה-ו"
2027-07-05,"ברכת המזון רב,ז-ח"
2027-07-06,"ברכת המזון רב,ט-י"
2027-07-07,"ברכת המזון רב,יא"
2027-07-08,"ברכת המזון רב,יב-יד"
2027-07-09,"ברכת המזון רב,טו-יח"
2027-07-10,"ברכת המזון רג,א-ב"
2027-07-11,"ברכת המזון רג,ג-ח"
2027-07-12,"ברכת הפרות רד,א"
2027-07-13,"ברכת הפרות רד,ב-ה"
2027-07-14,"ברכת הפרות רד,ו-ז"
2027-07-15,"ברכת הפרות רד,ח-י"
2027-07-16,"ברכת הפרות רד,יא-יג"
2027-07-17,"ברכת הפרות רה,א"
2027-07-18,"ברכת הפרות רה,ב"
2027-07-19,"ברכת הפרות רה,ג-רו,א"
2027-07-20,"ברכת הפרות רו,ב-ג"
2027-07-21,"ברכת הפרות רו,ד-ה"
2027-07-22,"תעניות תקמט,א-ב"
2027-07-23,"ברכת הפרות רו,ו"
2027-07-24,"ברכת הפרות רז,א-רח,ב"
2027-07-25,"ברכת הפרות רח,ג-ד"
2027-07-26,"ברכת הפרות רח,ה-ו"
2027-07-27,"ברכת הפרות רח,ז"
2027-07-28,"ברכת הפרות רח,ח"
2027-07-29,"ברכת הפרות רח,ט"
2027-07-30,"ברכת הפרות רח,י"
2027-07-31,"ברכת הפרות רח,יא-טו"
2027-08-01,"ברכת הפרות רח,טז-יז"
2027-08-02,"ברכת הפרות רח,יח-רט,א"
2027-08-03,"ברכת הפרות רט,ב-ג"
2027-08-04,"תענית תקסב,א"
2027-08-05,"תענית תקסב,ב"
2027-08-06,"תענית תקסב,ג-ה"
2027-08-07,"תענית תקסב,ו-ח"
2027-08-08,"תענית תקסב,ט-יג"
2027-08-09,"תענית תקסג,א-תקסד,א"
2027-08-10,"תענית תקסה,א-ד"
2027-08-11,"תענית תקסה,ה-תקסו,א"
2027-08-12,"תענית תקסו,ב"
2027-08-13,"תענית תקסו,ג-ח"
2027-08-14,"ברכת הפרות רי,א"
2027-08-15,"ברכת הפרות רי,ב"
2027-08-16,"ברכת הפרות ריא,א"
2027-08-17,"ברכת הפרות ריא,ב-ג"
2027-08-18,"ברכת הפרות ריא,ד"
2027-08-19,"ברכת הפרות ריא,ה"
2027-08-20,"ברכת הפרות ריא,ו"
2027-08-21,"ברכת הפרות ריב,א (סק""ד)"
2027-08-22,"ברכת הפרות ריב,א (סק""ה)-ב"
2027-08-23,"ברכת הפרות ריג,א"
2027-08-24,"ברכת הפרות ריג,ב-ריד,א"
2027-08-25,"ברכות רטו,א-ב"
2027-08-26,"ברכות רטו,ג-ד"
2027-08-27,"ברכות רטז,א-ב"
2027-08-28,"ברכות רטז,ג-ה"
2027-08-29,"ברכות רטז,ו-ט"
2027-08-30,"ברכות רטז,י-יא"
2027-08-31,"ברכות רטז,יב-יד"
2027-09-01,"ברכות ריז,א"
2027-09-02,"ברכות ריז,ב-ג"
2027-09-03,"ברכות ריז,ד-ח"
2027-09-04,"ברכות ריח,א-ג"
2027-09-05,"ברכות ריח,ד-ו"
2027-09-06,"ברכות ריח,ז-ט"
2027-09-07,"ברכות ריט,א"
2027-09-08,"ברכות ריט,ב-ג"
2027-09-09,"ברכות ריט,ד-ו"
2027-09-10,"ברכות ריט,ז-ט"
2027-09-11,"ברכות רכ,א-ב"
2027-09-12,"ברכות רכא,א-ב"
2027-09-13,"ברכות רכב,א-ד"
2027-09-14,"ברכות רכג,א"
2027-09-15,"סוכה תרלט,א"
2027-09-16,"סוכה תרלט,ב"
2027-09-17,"סוכה תרלט,ג-ד"
2027-09-18,"סוכה תרלט,ה"
2027-09-19,"סוכה תרלט,ו-ז"
2027-09-20,"סוכה תרלט,ח"
2027-09-21,"סוכה תרמ,א-ג"
2027-09-22,"סוכה תרמ,ד"
2027-09-23,"סוכה תרמ,ה-ז"
2027-09-24,"סוכה תרמ,ח-י"
2027-09-25,"סוכה תרמא,א-תרמב,א"
2027-09-26,"סוכה תרמג,א-ג"
2027-09-27,"סוכה תרמד,א-ב"
2027-09-28,"ראש השנה תקפז,א"
2027-09-29,"ראש השנה תקפז,ב-ג"
2027-09-30,"ראש השנה תקפח,א-ב"
2027-10-01,"ראש השנה תקפח,ג-ה"
2027-10-02,"ראש השנה תקפט,א-ו"
2027-10-03,"ראש השנה תקפט,ז-ט"
2027-10-04,"יום כיפור תריג,א-ד"
2027-10-05,"יום כיפור תריג,ה-יב"
2027-10-06,"יום כיפור תריד,א-ד"
2027-10-07,"יום כיפור תרטו,א-ב"
2027-10-08,"יום כיפור תרטז,א-ב"
2027-10-09,"יום כיפור תריז,א-ד"
2027-10-10,"יום כיפור תריח,א-ו"
2027-10-11,"יום כיפור תריח,ז-י"
2027-10-12,"לולב תרמה,א-ב"
2027-10-13,"לולב תרמה,ג-ה"
2027-10-14,"לולב תרמה,ו-ז"
2027-10-15,"לולב תרמה,ח-ט"
2027-10-16,"לולב תרמו,א-ב"
2027-10-17,"לולב תרמו,ג-ד"
2027-10-18,"לולב תרמו,ה-ט"
2027-10-19,"לולב תרמו,י-יא"
2027-10-20,"לולב תרמז,א-ב"
2027-10-21,"סוכה תרסה,א-תרסו,א"
2027-10-22,"סוכה תרסז,א-תרסח,א"
2027-10-23,"סוכה תרסח,ב"
2027-10-24,"ברכות רכג,ב-ג"
2027-10-25,"ברכות רכג,ד-ה"
2027-10-26,"ברכות רכג,ו-רכד,ו"
2027-10-27,"ברכות רכד,ז-יג"
2027-10-28,"ברכות רכה,א-ב"
2027-10-29,"ברכות רכה,ג-ד"
2027-10-30,"ברכות רכה,ה-ז"
2027-10-31,"ברכות רכה,ח-י"
2027-11-01,"ברכות רכו,א-רכז,א"
2027-11-02,"ברכות רכז,ב-רכח,ג"
2027-11-03,"ברכות רכט,א-ב"
2027-11-04,"ברכות רל,א-ה"
2027-11-05,"ברכות רלא,א"
2027-11-06,"ברכות רלב,א-ב (סק""כ)"
2027-11-07,"ברכות רלב,ב (כא)-ג"
2027-11-08,"ברכות רלג,א"
2027-11-09,"ברכות רלג,ב"
2027-11-10,"ברכות רלד,א-ב"
2027-11-11,"ערבית רלה,א"
2027-11-12,"ערבית רלה,ב"
2027-11-13,"ערבית רלה,ג-ד"
2027-11-14,"ערבית רלו,א-ב"
2027-11-15,"ערבית רלו,ג-רלז,א"
2027-11-16,"ערבית רלח,א-ב"
2027-11-17,"ערבית רלט,א-ב"
2027-11-18,"ערבית רמ,א"
2027-11-19,"ערבית רמ,ב-ה"
2027-11-20,"ערבית רמ,ו-ט"
2027-11-21,"ערבית רמ,י-טו"
2027-11-22,"ערבית רמ,טז-רמא,א"
2027-11-23,"שבת רמב,א (סק""א-ב)"
2027-11-24,"שבת רמב,א (סק""ג-ח)"
2027-11-25,"שבת רמג,א-ב"
2027-11-26,שבת
2027-11-27,שבת
2027-11-28,"שבת רמד,ב"
2027-11-29,"שבת רמד,ג-ד"
2027-11-30,"שבת רמד,ה"
2027-12-01,"שבת רמד,ו"
2027-12-02,"שבת רמה,א (סק""א-ז)"
2027-12-03,"שבת רמה,א (סק""ח-יב)"
2027-12-04,"שבת רמה,ב-ד"
2027-12-05,"שבת רמה,ה-ו"
2027-12-06,"שבת רמו,א-ב"
2027-12-07,"שבת רמו,ג"
2027-12-08,"שבת רמו,ד-רמו,ה (ל)"
2027-12-09,"שבת רמו,ה (לא-לד)"
2027-12-10,"שבת רמז,א"
2027-12-11,"שבת רמז,ב-ו"
2027-12-12,"שבת רמח,א"
2027-12-13,"שבת רמח,ב-ג"
2027-12-14,"שבת רמח,ד"
2027-12-15,"שבת רמט,א"
2027-12-16,"שבת רמט,ב"
2027-12-17,"שבת רמט,ג-ד"
2027-12-18,"שבת רנ,א (סק""ב)"
2027-12-19,"שבת רנ,א (סק""ג)-ב"
2027-12-20,"שבת רנא,א"
2027-12-21,"שבת רנא,ב"
2027-12-22,"חנוכה תרעז,א"
2027-12-23,"חנוכה תרעז,ב-ג"
2027-12-24,"חנוכה תרעז,ד-תרעח,א"
2027-12-25,"חנוכה תרעט,א-תרפ,ב"
2027-12-26,"חנוכה תרפא,א-תרפג,א"
2027-12-27,"חנוכה תרפד,א-ג"
2027-12-28,"שבת רנב,א"
2027-12-29,"שבת רנב,ב"
2027-12-30,"שבת רנב,ג-ד"
2027-12-31,"שבת רנב,ה"
2028-01-01,"שבת רנב,ו-ז"
2028-01-02,"שבת רנג,א (סק""ח)"
2028-01-03,"שבת רנג,א (ט-יט)"
2028-01-04,"שבת רנג,א,(כ-לו)"
2028-01-05,"שבת רנג,א (לז-נא)"
2028-01-06,"שבת רנג,ב (ס)"
2028-01-07,"שבת רנג,ב (סא-סט)"
2028-01-08,"שבת רנג,ב (ע-עח)"
2028-01-09,"שבת רנג,ג-ד"
2028-01-10,"שבת רנג,ה (סקצ""ג)"
2028-01-11,"שבת רנג,ה (צד-קה)"
2028-01-12,"שבת רנד,א"
2028-01-13,"שבת רנד,ב-ד"
2028-01-14,"שבת רנד,ה"
2028-01-15,"שבת רנד,ו-ח"
2028-01-16,"שבת רנד,ט-רנה,ג"
2028-01-17,"שבת רנו,א-רנז,א"
2028-01-18,"שבת רנז,ב-ג"
2028-01-19,"שבת רנז,ד-ז"
2028-01-20,"שבת רנז,ח (סקמ""ה)"
2028-01-21,"שבת רנז,ח (מו-מט)"
2028-01-22,"שבת רנח,א-רנט,א"
2028-01-23,"שבת רנט,ב-ו"
2028-01-24,"שבת רנט,ז"
2028-01-25,שבת עקרי הענינים בקיצור
2028-01-26,"שבת רס,א-ב"
2028-01-27,"שבת רסא,א"
2028-01-28,"שבת רסא,ב (סק""כ)"
2028-01-29,"שבת רסא,ב (סקכא-כה)"
2028-01-30,"שבת רסא,ג-ד"
2028-01-31,"שבת רסב,א-ג"
2028-02-01,"שבת רסג,א"
2028-02-02,"שבת רסג,ב-ג"
2028-02-03,"שבת רסג,ד"
2028-02-04,"שבת רסג,ה"
2028-02-05,"שבת רסג,ו-י"
2028-02-06,"שבת רסג,יא-יד"
2028-02-07,"שבת רסג,טו-יז"
2028-02-08,"שבת רסד,א-ב"
2028-02-09,"שבת רסד,ג-ו"
2028-02-10,"שבת רסד,ז-רסה,ב"
2028-02-11,"שבת רסה,ג-ד"
2028-02-12,"שבת רסו,א"
2028-02-13,"שבת רסו,ב-ו"
2028-02-14,"שבת רסו,ז-ט"
2028-02-15,"שבת רסו,י-יג"
2028-02-16,"שבת רסז,א-ג"
2028-02-17,"שבת רסח,א-ד"
2028-02-18,"שבת רסח,ה-יא"
2028-02-19,"שבת רסח,יב-רסט,א"
2028-02-20,"שבת ער,א-ב"
2028-02-21,"שבת רעא,א"
2028-02-22,"שבת רעא,ב"
2028-02-23,"שבת רעא,ג-ד"
2028-02-24,"שבת רעא,ה"
2028-02-25,"שבת רעא,ו"
2028-02-26,"שבת רעא,ז-י"
2028-02-27,"שבת רעא,יא-יב"
2028-02-28,"שבת רעא,יג"
2028-02-29,"שבת רעא,יד"
2028-03-01,"שבת רעא,טו-יז"
2028-03-02,"שבת ערב,א-ג"
2028-03-03,"שבת ערב,ד-ח"
2028-03-04,"שבת ערב,ט-י"
2028-03-05,"שבת רעג,א"
2028-03-06,"שבת רעג,ב-ג"
2028-03-07,"שבת רעג,ד"
2028-03-08,"שבת רעג,ה-ז"
2028-03-09,"שבת רעד,א-ד"
2028-03-10,"מגילה תרצ,יא-יד"
2028-03-11,"מגילה תרצ,טו-יז"
2028-03-12,"מגילה, פסח תרצ,יח. תנא,יח"
2028-03-13,"פסח תנא,יט-כ"
2028-03-14,"פסח תנא,כא"
2028-03-15,"פסח תנא,כב"
2028-03-16,"פסח תנא,כג-כד"
2028-03-17,"פסח תנא,כה-כז"
2028-03-18,"פסח תנב,א"
2028-03-19,"פסח תנב,ב-ג"
2028-03-20,"פסח תנב,ד-ז"
2028-03-21,"פסח תנג,א"
2028-03-22,"פסח תנג,ב-ג"
2028-03-23,"פסח תנג,ד"
2028-03-24,"פסח תנג,ה-ו"
2028-03-25,"פסח תנג,ז-ט"
2028-03-26,"פסח תנד,א-ב"
2028-03-27,"פסח תנד,ג"
2028-03-28,"פסח תנד,ד"
2028-03-29,פסח
2028-03-30,פסח
2028-03-31,"פסח תנה,ב-ג"
2028-04-01,"פסח תנה,ד-ו"
2028-04-02,"פסח תנו,א-ג"
2028-04-03,"פסח תנז,א"
2028-04-04,"פסח תנז,ב"
2028-04-05,"פסח תנח,א"
2028-04-06,"פסח תנט,א"
2028-04-07,"פסח תנט,ב"
2028-04-08,"פסח תנט,ג-ד"
2028-04-09,"פסח תנט,ה-ו"
2028-04-10,"פסח תס,א"
2028-04-11,"פסח תס,ב-ג"
2028-04-12,"פסח תס,ד-ו"
2028-04-13,"פסח תס,ז"
2028-04-14,"פסח תסא,א"
2028-04-15,"פסח תסא,ב-ג"
2028-04-16,"פסח תסא,ד"
2028-04-17,"פסח תסא,ה (לב)"
2028-04-18,"פסח תסא,ה (לג-לח)"
2028-04-19,"שבת ערה,א"
2028-04-20,"שבת ערה,ב-ה"
2028-04-21,"שבת ערה,ו-יב"
2028-04-22,"שבת רעו,א"
2028-04-23,"שבת רעו,ב"
2028-04-24,"שבת רעו,ג"
2028-04-25,"שבת רעו,ד-ה"
2028-04-26,"שבת רעז,א-ב"
2028-04-27,"שבת רעז,ג"
2028-04-28,"שבת רעז,ד-רעח,א"
2028-04-29,"שבת רעט,א-ב"
2028-04-30,"שבת רעט,ג-ה"
2028-05-01,"שבת רעט,ו-רפ,ב"
2028-05-02,"שבת רפא,א"
2028-05-03,"שבת רפב,א-ג"
2028-05-04,"שבת רפב,ד"
2028-05-05,"שבת רפב,ה-רפג,א"
2028-05-06,"שבת רפד,א-ד"
2028-05-07,"שבת רפד,ה-ז"
2028-05-08,"שבת רפה,א-ב"
2028-05-09,"שבת רפה,ג-ז"
2028-05-10,"שבת רפו,א-ה"
2028-05-11,"שבת רפז,א-רפח,ב"
2028-05-12,"שבת רפח,ג-ד"
2028-05-13,"שבת רפח,ה-ח"
2028-05-14,"שבת רפח,ט-י"
2028-05-15,"יום טוב תצט, א-ב"
2028-05-16,"יום טוב תצט,ג-ד"
2028-05-17,"יום טוב תצט,ה-תק,א"
2028-05-18,"יום טוב תק,ב-ג"
2028-05-19,"יום טוב תק,ד-ה"
2028-05-20,"יום טוב תק,ו"
2028-05-21,"יום טוב תקא,א-ג"
2028-05-22,"יום טוב תקא,ד-ז"
2028-05-23,"יום טוב תקב,א"
2028-05-24,"יום טוב תקב,ב-ד"
2028-05-25,"יום טוב תקג,א-ב"
2028-05-26,"יום טוב תקד,א"
2028-05-27,"יום טוב תקד,ב-ד"
2028-05-28,"יום טוב תקה,א (סק""ז)"
2028-05-29,"יום טוב תקה,א (ח-יב)"
2028-05-30,"יום טוב תקו,א-ב"
2028-05-31,"יום טוב תקו,ג"
2028-06-01,"יום טוב תקו,ד-ה"
2028-06-02,"יום טוב תקו,ו-ט"
2028-06-03,"יום טוב תקז,א"
2028-06-04,"יום טוב תקז,ב-ג"
2028-06-05,"יום טוב תקז,ד"
2028-06-06,"יום טוב תקז,ה-ו"
2028-06-07,"יום טוב תקז,ז"
2028-06-08,"שבת רפט,א-ב"
2028-06-09,"שבת רצ,א-ב"
2028-06-10,"שבת רצא,א-ב"
2028-06-11,"שבת רצא,ג-ד"
2028-06-12,"שבת רצא,ה-רצב,א"
2028-06-13,"שבת רצב,ב-רצג,א"
2028-06-14,"שבת רצג,ב-ג"
2028-06-15,"שבת רצד,א-ה"
2028-06-16,"שבת רצה,א-רצו,א"
2028-06-17,"שבת רצו,ב-ג"
2028-06-18,"שבת רצו,ד-ח"
2028-06-19,"שבת רצז,א-ג"
2028-06-20,"שבת רצז,ד-ה"
2028-06-21,"שבת רחצ,א-ג"
2028-06-22,"שבת רחצ,ד-ו"
2028-06-23,"שבת רחצ,ז-יד"
2028-06-24,"שבת רחצ,טו"
2028-06-25,"שבת רצט,א"
2028-06-26,"שבת רצט,ב-ה"
2028-06-27,"שבת רצט,ו-ז"
2028-06-28,"שבת רצט,ח-ט"
2028-06-29,"שבת רצט,י"
2028-06-30,"שבת ש,א-שא,א"
2028-07-01,"שבת שא,ב-ו"
2028-07-02,"שבת שא,ז"
2028-07-03,"שבת שא,ח-י"
2028-07-04,"שבת שא,יא-יב"
2028-07-05,"שבת שא,יג-טז"
2028-07-06,"שבת שא,יז-כ"
2028-07-07,"שבת שא,כא-כב"
2028-07-08,"שבת שא,כג,כד"
2028-07-09,"שבת שא,כה (סקצ""ה)"
2028-07-10,"שבת שא,כה (צו)-כו"
2028-07-11,"תעניות תקמט,א-ב"
2028-07-12,"שבת שא,כז-כט"
2028-07-13,"שבת שא,ל-לב"
2028-07-14,"שבת שא,לג-לו"
2028-07-15,"שבת שא,לז-לח"
2028-07-16,"שבת שא,לט-מ"
2028-07-17,"שבת שא,מא-מג"
2028-07-18,"שבת שא,מד-מו"
2028-07-19,"שבת שא,מז-נא"
2028-07-20,"שבת שב,א"
2028-07-21,"שבת שב,ב-ג"
2028-07-22,"שבת שב,ד-ו"
2028-07-23,"שבת שב,ז-ח"
2028-07-24,"תענית תקסז,א-ג"
2028-07-25,"תענית תקסח,א"
2028-07-26,"תענית תקסח,ב"
2028-07-27,"תענית תקסח,ג-ו"
2028-07-28,"תענית תקסח,ז-ח"
2028-07-29,"תענית תקסח,ט-יב"
2028-07-30,"תענית תקסט,א-ב"
2028-07-31,"תענית תקע,א-ג"
2028-08-01,"תענית תקעא,א-ג"
2028-08-02,"שבת שב,ט"
2028-08-03,"שבת שב,י"
2028-08-04,"שבת שב,יא-יג"
2028-08-05,"שבת שג,א-ב"
2028-08-06,"שבת שג,ג-ט"
2028-08-07,"שבת שג,י-יד"
2028-08-08,"שבת שג,טו-יז"
2028-08-09,"שבת שג,יח-יט"
2028-08-10,"שבת שג,כ-כד"
2028-08-11,"שבת שג,כה-כז"
2028-08-12,"שבת דש,א (סקי""א)"
2028-08-13,"שבת דש,א (יב-כ)"
2028-08-14,"שבת דש,ב-ג"
2028-08-15,"שבת שה,א"
2028-08-16,"שבת שה,ב-ז"
2028-08-17,"שבת שה,ח-יא"
2028-08-18,"שבת שה,יב-יז"
2028-08-19,"שבת שה,יח-כ"
2028-08-20,"שבת שה,כא-כג"
2028-08-21,"שבת שו,א"
2028-08-22,"שבת שו,ב-ד"
2028-08-23,"שבת שו,ה-ו"
2028-08-24,"שבת שו,ז-ח"
2028-08-25,"שבת שו,ט-יב"
2028-08-26,"שבת שו,יג-יד"
2028-08-27,"שבת שז,א-ב"
2028-08-28,"שבת שז,ג-ה"
2028-08-29,"שבת שז,ו-ח"
2028-08-30,"שבת שז,ט-יא"
2028-08-31,"שבת שז,יב-יד"
2028-09-01,"שבת שז,טו-יח"
2028-09-02,"שבת שז,יט-כא"
2028-09-03,"שבת שז,כב-פתיחה"
2028-09-04,"שבת שח,א-ב"
2028-09-05,"לולב תרמח,א-ב"
2028-09-06,"לולב תרמח,ג-ה"
2028-09-07,"לולב תרמח,ו-ז"
2028-09-08,"לולב תרמח,ח-י"
2028-09-09,"לולב תרמח,יא-יב"
2028-09-10,"לולב תרמח,יג-יד"
2028-09-11,"לולב תרמח,טו-כ"
2028-09-12,"לולב תרמח,כא"
2028-09-13,"לולב תרמח,כב"
2028-09-14,"לולב תרמט,א"
2028-09-15,"לולב תרמט,ב-ג"
2028-09-16,"ראש השנה תקצ,א-ג"
2028-09-17,"ראש השנה תקצ,ד-ה"
2028-09-18,"ראש השנה תקצ,ו-ז"
2028-09-19,"ראש השנה תקצ,ח-ט"
2028-09-20,"ראש השנה תקצא,א-ח"
2028-09-21,"ראש השנה תקצב,א-ב"
2028-09-22,"ראש השנה תקצב,ג-ד"
2028-09-23,"לולב תרמט,ד"
2028-09-24,לולב
2028-09-25,לולב
2028-09-26,"לולב תרמט,ו"
2028-09-27,"לולב תרנ,א-ב"
2028-09-28,"לולב תרנא,א"
2028-09-29,"יום כיפור תריט,א-ו"
2028-09-30,"יום כיפור תרכ,א-תרכא,ו"
2028-10-01,"לולב תרנא,ב-ד"
2028-10-02,"לולב תרנא,ה-ז"
2028-10-03,"לולב תרנא,ח-ט"
2028-10-04,"לולב תרנא,י-יב"
2028-10-05,"לולב תרנא,יג-טו"
2028-10-06,"לולב תרנב,א-ב"
2028-10-07,"לולב תרנג,א-תרנד,א"
2028-10-08,"לולב תרנה,א"
2028-10-09,לולב
2028-10-10,לולב
2028-10-11,"לולב תרנז,א-תרנח,ב"
2028-10-12,"לולב תרנח,ג"
2028-10-13,"לולב תרנח,ד"
2028-10-14,"שבת שח,ג"
2028-10-15,"שבת שח,ד-ו"
2028-10-16,"שבת שח,ז-ח"
2028-10-17,"שבת שח,ט-י"
2028-10-18,"שבת שח,יא-טו"
2028-10-19,"שבת שח,טז-יז"
2028-10-20,"שבת שח,יח-כ"
2028-10-21,"שבת שח,כא-כו"
2028-10-22,"שבת שח,כז-ל"
2028-10-23,"שבת שח,לא-לה"
2028-10-24,"שבת שח,לו-מ"
2028-10-25,"שבת שח,מא-מה"
2028-10-26,"שבת שח,מו-נב"
2028-10-27,"שבת טש,א-ב"
2028-10-28,"שבת טש,ג-ד (סקי""ז)"
2028-10-29,"שבת טש,(יח)-ה"
2028-10-30,"שבת שי,א-ב"
2028-10-31,"שבת שי,ג-ד"
2028-11-01,"שבת שי,ה-ו"
2028-11-02,"שבת שי,ז"
2028-11-03,"שבת שי,ח-ט"
2028-11-04,"שבת שיא,א"
2028-11-05,"שבת שיא,ב"
2028-11-06,"שבת שיא,ג-ה"
2028-11-07,"שבת שיא,ו-ז"
2028-11-08,"שבת שיא,ח"
2028-11-09,"שבת שיא,ט-שיב,א"
2028-11-10,"שבת שיב,ב-ז"
2028-11-11,"שבת שיב,ח-י"
2028-11-12,"שבת שיג,א"
2028-11-13,"שבת שיג,ב-ג"
2028-11-14,"שבת שיג,ד-ו"
2028-11-15,"שבת שיג,ז-י"
2028-11-16,"שבת שיד,א"
2028-11-17,"שבת שיד,ב-ו"
2028-11-18,"שבת שיד,ז-י"
2028-11-19,"שבת שיד,יא-יב"
2028-11-20,"שבת שטו,א"
2028-11-21,"שבת שטו,ב"
2028-11-22,"שבת שטו,ג"
2028-11-23,"שבת שטו,ד-ה"
2028-11-24,"שבת שטו,ו-ט"
2028-11-25,"שבת שטו,י-יא"
2028-11-26,"שבת שטו,יב"
2028-11-27,"שבת שטו,יג"
2028-11-28,"שבת שטז,א-ב"
2028-11-29,"שבת שטז,ג"
2028-11-30,"שבת שטז,ד-ה"
2028-12-01,"שבת שטז,ו-ז"
2028-12-02,"שבת שטז,ח"
2028-12-03,"שבת שטז,ט"
2028-12-04,"שבת שטז,י-יא"
2028-12-05,"שבת שטז,יב מחבר"
2028-12-06,"שבת שטז,יב רמ""א"
2028-12-07,"שבת שיז,א (סק""ו)"
2028-12-08,"שבת שיז,א (ז-טו)"
2028-12-09,"שבת שיז,ב-ג"
2028-12-10,"שבת שיז,ד-ז"
2028-12-11,"חנוכה תרע,א-ב"
2028-12-12,"חנוכה תרע,ג-תרעא,ב"
2028-12-13,"חנוכה תרעא,ג-ד"
2028-12-14,"חנוכה תרעא,ה-ו"
2028-12-15,"חנוכה תרעא,ז"
2028-12-16,"חנוכה תרעא,ח"
2028-12-17,"שבת שיח,א"
2028-12-18,"שבת שיח,ב-ג"
2028-12-19,"שבת שיח,ד (סקל""ה)"
2028-12-20,"שבת שיח,ד (לו-לט)"
2028-12-21,"שבת שיח,ה"
2028-12-22,"שבת שיח,ו-ח"
2028-12-23,"שבת שיח,ט-י"
2028-12-24,"שבת שיח,יא-יב"
2028-12-25,"שבת שיח,יג-טו"
2028-12-26,"שבת שיח,טז"
2028-12-27,"שבת שיח,יז-יח"
2028-12-28,"שבת שיח,יט-שיט,הקדמה"
2028-12-29,"שבת שיט,א-ב"
2028-12-30,"שבת שיט,ג"
2028-12-31,"שבת שיט,ד-ו"
2029-01-01,"שבת שיט,ז-ט"
2029-01-02,"שבת שיט,י-יא"
2029-01-03,"שבת שיט,יב-יד"
2029-01-04,"שבת שיט,טו-טז"
2029-01-05,"שבת שיט,יז"
2029-01-06,"שבת שכ,א"
2029-01-07,"שבת שכ,ב-ג"
2029-01-08,"שבת שכ,ד-ו"
2029-01-09,"שבת שכ,ז-ח"
2029-01-10,"שבת שכ,ט-יז"
2029-01-11,"שבת שכ,יח"
2029-01-12,"שבת שכ,יט-שכא,ב"
2029-01-13,"שבת שכא,ג-ה"
2029-01-14,"שבת שכא,ו-ז"
2029-01-15,"שבת שכא,ח-יא"
2029-01-16,"שבת שכא,יב"
2029-01-17,"שבת שכא,יג"
2029-01-18,"שבת שכא,יד"
2029-01-19,"שבת שכא,טו-טז"
2029-01-20,"שבת שכא,יז-יח"
2029-01-21,"שבת שכא,יט"
2029-01-22,"שבת שכב,א-ג"
2029-01-23,"שבת שכב,ד-ה"
2029-01-24,"שבת שכב,ו"
2029-01-25,"שבת שכג,א-ג"
2029-01-26,"שבת שכג,ד-ה"
2029-01-27,"שבת שכג,ו-ז"
2029-01-28,"שבת שכג,ח-י"
2029-01-29,"שבת שכד,א-ג"
2029-01-30,"שבת שכד,ד-ח"
2029-01-31,"שבת שכד,ט-טו"
2029-02-01,"שבת שכה,א"
2029-02-02,"שבת שכה,ב-ד"
2029-02-03,"שבת שכה,ה-ז"
2029-02-04,"שבת שכה,ח"
2029-02-05,"שבת שכה,ט-י"
2029-02-06,"שבת שכה,יא-יג"
2029-02-07,"שבת שכה,יד-טז"
2029-02-08,"שבת שכו,א-ד"
2029-02-09,"שבת שכו,ה-ח"
2029-02-10,"שבת שכו,ט-י"
2029-02-11,"שבת שכו,יא-שכז,ב"
2029-02-12,"שבת שכז,ג-שכח,ב"
2029-02-13,"שבת שכח,ג-ד"
2029-02-14,"שבת שכח,ה-ח"
2029-02-15,"שבת שכח,ט-יב"
2029-02-16,"שבת שכח,יג-טז"
2029-02-17,"שבת שכח,יז-יט"
2029-02-18,"שבת שכח,כ-כד"
2029-02-19,"שבת שכח,כה-כח"
2029-02-20,"שבת שכח,כט-לד"
2029-02-21,"שבת שכח,לה-לח"
2029-02-22,"שבת שכח,לט-מב"
2029-02-23,"שבת שכח,מג-מז"
2029-02-24,"שבת שכח,מח-מט"
2029-02-25,"שבת שכט,א-ב"
2029-02-26,"שבת שכט,ג-ט"
2029-02-27,"שבת של,א-ג"
2029-02-28,"מגילה תרצא,א-ב"
2029-03-01,"מגילה, פסח תרצא,ג-ה. תסב,א"
2029-03-02,"מגילה, פסח תרצא,ו-יא. תסב,ב-ג"
2029-03-03,"פסח תסב,ד"
2029-03-04,"פסח תסב,ה-ו"
2029-03-05,"פסח תסב,ז-תסג,א"
2029-03-06,"פסח תסג,ב-ג"
2029-03-07,"פסח תסד,א-תסה,א"
2029-03-08,"פסח תסה,ב-ג"
2029-03-09,"פסח תסו,א-ב"
2029-03-10,"פסח תסו,ג"
2029-03-11,"פסח תסו,ד"
2029-03-12,"פסח תסו,ה"
2029-03-13,"פסח תסו,ו-תסז,א"
2029-03-14,"פסח תסז,ב"
2029-03-15,"פסח תסז,ג-ז"
2029-03-16,"פסח תסז,ח"
2029-03-17,"פסח תסז,ט-י"
2029-03-18,"פסח תסז,יא"
2029-03-19,"פסח תסז,יב מחבר"
2029-03-20,"פסח תסז,יב רמ""א"
2029-03-21,"פסח תסז,יג"
2029-03-22,"פסח תסז,יד"
2029-03-23,"פסח תסז,טו-טז"
2029-03-24,"פסח תסח,א-ג"
2029-03-25,"פסח תסח,ד"
2029-03-26,"פסח תסח,ה-י"
2029-03-27,"פסח תסט,א"
2029-03-28,"פסח תע,א-ג"
2029-03-29,"פסח תעא,א-ג"
2029-03-30,"פסח תעב,א-ד"
2029-03-31,"פסח תעב,ה-ז"
2029-04-01,"פסח תעב,ח-ט"
2029-04-02,"פסח תעב,י-טז"
2029-04-03,"פסח תעג,א"
2029-04-04,"פסח תעג,ב-ג"
2029-04-05,"פסח תעג,ד"
2029-04-06,"פסח תעג,ה מחבר"
2029-04-07,"פסח תעג,ה רמ""א"
2029-04-08,"שבת של,ד-ה"
2029-04-09,"שבת של,ו-ז"
2029-04-10,"שבת של,ח-יא"
2029-04-11,"שבת שלא,א-ד"
2029-04-12,"שבת שלא,ה-ז"
2029-04-13,"שבת שלא,ח-י"
2029-04-14,"שבת שלב,א-ד"
2029-04-15,"שבת שלג,א-ג"
2029-04-16,"שבת שלד,א-ב"
2029-04-17,"שבת שלד,ג-ט"
2029-04-18,"שבת שלד,י-יב"
2029-04-19,"שבת שלד,יג-טו"
2029-04-20,"שבת שלד,טז-כב"
2029-04-21,"שבת שלד,כג-כה"
2029-04-22,"שבת שלד,כו"
2029-04-23,"שבת שלד,כז-שלה,א"
2029-04-24,"שבת שלה,ב-ה"
2029-04-25,"שבת שלו,א"
2029-04-26,"שבת שלו,ב-ג"
2029-04-27,"שבת שלו,ד-ח"
2029-04-28,"שבת שלו,ט-יא"
2029-04-29,"שבת שלו,יב-יג"
2029-04-30,"שבת שלז,א"
2029-05-01,"שבת שלז,ב"
2029-05-02,"שבת שלז,ג-ד"
2029-05-03,"שבת שלח,א"
2029-05-04,"שבת שלח,ב-ה"
2029-05-05,"שבת שלח,ו-ח"
2029-05-06,"שבת שלט,א-ג"
2029-05-07,"שבת שלט,ד"
2029-05-08,"שבת שלט,ה"
2029-05-09,"שבת שלט,ו-ז"
2029-05-10,"יום טוב תקח,א-תקט,א"
2029-05-11,"יום טוב תקט,ב-ד"
2029-05-12,"יום טוב תקט,ה-ז"
2029-05-13,"יום טוב תקי,א-ב"
2029-05-14,"יום טוב תקי,ג-ה"
2029-05-15,"יום טוב תקי,ו-יא"
2029-05-16,"יום טוב תקיא,א"
2029-05-17,"יום טוב תקיא,ב"
2029-05-18,"יום טוב תקיא,ג-ד"
2029-05-19,"יום טוב תקיב,א"
2029-05-20,"יום טוב תקיב,ב-ג"
2029-05-21,"יום טוב תקיג,א-ב"
2029-05-22,"יום טוב תקיג,ג-ה"
2029-05-23,"יום טוב תקיג,ו-ח"
2029-05-24,"יום טוב תקיד,א"
2029-05-25,"יום טוב תקיד,ב"
2029-05-26,"יום טוב תקיד,ג"
2029-05-27,"יום טוב תקיד,ד-ה"
2029-05-28,"יום טוב תקיד,ו-ח"
2029-05-29,"יום טוב תקיד,ט-יא"
2029-05-30,"שבת שמ,א"
2029-05-31,"שבת שמ,ב-ג מחבר"
2029-06-01,"שבת שמ,ג רמ""א"
2029-06-02,"שבת שמ,ד (כ""ב דין א')"
2029-06-03,"שבת שמ,ד (דין ב'-דין ו')"
2029-06-04,"שבת שמ,ד (דין ז')-ו"
2029-06-05,"שבת שמ,ז"
2029-06-06,"שבת שמ,ח-יג"
2029-06-07,"שבת שמ,יד"
2029-06-08,"שבת שמא,א-ג"
2029-06-09,"שבת שמב,א"
2029-06-10,"שבת שמג,א"
2029-06-11,"שבת שדמ,א"
2029-06-12,"שבת שדמ,ב"
2029-06-13,"רשויות שבת שמה,א-ג"
2029-06-14,"רשויות שבת שמה,ד-ו"
2029-06-15,"רשויות שבת שמה,ז"
2029-06-16,"רשויות שבת שמה,ח"
2029-06-17,"רשויות שבת שמה,ט-י"
2029-06-18,"רשויות שבת שמה,יא-יג"
2029-06-19,"רשויות שבת שמה,יד"
2029-06-20,"רשויות שבת שמה,טו-טז"
2029-06-21,"רשויות שבת שמה,יח-יט"
2029-06-22,"רשויות שבת שמו,א-ב"
2029-06-23,רשויות שבת
2029-06-24,רשויות שבת
2029-06-25,רשויות שבת
2029-06-26,רשויות שבת
2029-06-27,"רשויות שבת שמח,א"
2029-06-28,"רשויות שבת שמט,א-ב"
2029-06-29,"רשויות שבת שמט,ג-ה"
2029-06-30,"תעניות תקמט,א-ב"
2029-07-01,"רשויות שבת שנ,א-ב"
2029-07-02,"רשויות שבת שנ,ג-שנא,א"
2029-07-03,"רשויות שבת שנב,א-ב"
2029-07-04,"רשויות שבת שנג,א-ג"
2029-07-05,"רשויות שבת שנד,א-ב"
2029-07-06,"רשויות שבת שנה,א (סק""ט)"
2029-07-07,"רשויות שבת שנה,א (סק""כ)"
2029-07-08,"רשויות שבת שנה,ב-ג"
2029-07-09,"תענית תקעב,א-ג"
2029-07-10,"תענית תקעג,א"
2029-07-11,"תענית תקעד,א-ה"
2029-07-12,"תענית תקעה,א-ג"
2029-07-13,"תענית תקעה,ד-ו"
2029-07-14,"תענית תקעה,ז-ח"
2029-07-15,"תענית תקעה,ט-יג"
2029-07-16,"תענית תקעו,א-ד"
2029-07-17,"תענית תקעו,ה-ט"
2029-07-18,"תענית תקעו,י-טז"
2029-07-19,"תענית תקעז,א-תקעח,א"
2029-07-20,"תענית תקעט,א-ג"
2029-07-21,"תענית תקפ,א-ג"
2029-07-22,"רשויות שבת שנה,ד-ה"
2029-07-23,"רשויות שבת שנו,א-ב"
2029-07-24,"רשויות שבת שנז,א"
2029-07-25,"רשויות שבת שנז,ב-ג"
2029-07-26,"רשויות שבת שנח,א"
2029-07-27,רשויות שבת
2029-07-28,רשויות שבת
2029-07-29,"רשויות שבת שנח,ג-ו"
2029-07-30,"רשויות שבת שנח,ז-ח"
2029-07-31,"רשויות שבת שנח,ט"
2029-08-01,"רשויות שבת שנח,י"
2029-08-02,"רשויות שבת שנח,יא"
2029-08-03,"רשויות שבת שנח,יב-יד"
2029-08-04,"רשויות שבת שנט,א-שס,א"
2029-08-05,"רשויות שבת שס,ב-ג"
2029-08-06,"רשויות שבת שסא,א-ב"
2029-08-07,"רשויות שבת שסב,א-ב"
2029-08-08,"רשויות שבת שסב,ג-ד"
2029-08-09,"רשויות שבת שסב,ה-ז"
2029-08-10,"רשויות שבת שסב,ח-ט"
2029-08-11,"רשויות שבת שסב,י"
2029-08-12,"רשויות שבת שסב,יא-יב"
2029-08-13,"רשויות שבת שסג,א-ב"
2029-08-14,"רשויות שבת שסג,ג-ה"
2029-08-15,"רשויות שבת שסג,ו-ז"
2029-08-16,"רשויות שבת שסג,ח-יב"
2029-08-17,"רשויות שבת שסג,יג-טז"
2029-08-18,"רשויות שבת שסג,יז-כב"
2029-08-19,"רשויות שבת שסג,כג-כה"
2029-08-20,"רשויות שבת שסג,כו (חצי סעיף)"
2029-08-21,"רשויות שבת שסג,כו (חציו השני)"
2029-08-22,"רשויות שבת שסג,כז-כח"
2029-08-23,"רשויות שבת שסג,כט"
2029-08-24,"רשויות שבת שסג,ל-לא"
2029-08-25,"רשויות שבת שסג,לב-לג"
2029-08-26,"רשויות שבת שסג,לד-לו"
2029-08-27,"יום טוב תקטו,הקדמה"
2029-08-28,"יום טוב תקטו,א (סק""ח)"
2029-08-29,"יום טוב תקטו,א (ט-יג)"
2029-08-30,"יום טוב תקטו,א (יד-כב)"
2029-08-31,"יום טוב תקטו,ב-ג"
2029-09-01,"יום טוב תקטו,ד"
2029-09-02,"יום טוב תקטו,ה"
2029-09-03,"יום טוב תקטו,ו-ח"
2029-09-04,"יום טוב תקטו,ט"
2029-09-05,"יום טוב תקטז,א-ג"
2029-09-06,"יום טוב תקיז,א"
2029-09-07,"ראש השנה תקצג,א-ב"
2029-09-08,"ראש השנה תקצד,א-תקצה,א"
2029-09-09,"ראש השנה תקצו,א"
2029-09-10,"ראש השנה תקצז,א-תקצט,א"
2029-09-11,"ראש השנה תר,א-תרא,ב"
2029-09-12,"יום טוב תקיז,ב-ד"
2029-09-13,"יום טוב תקיח,א מחבר"
2029-09-14,"יום טוב תקיח,א רמ""א"
2029-09-15,"יום טוב תקיח,ב-ג"
2029-09-16,"יום כיפור תרכב,א-ד"
2029-09-17,"יום כיפור תרכג,א-ו"
2029-09-18,"יום כיפור תרכד,א-ד"
2029-09-19,"יום כיפור תרכד,ה"
2029-09-20,"יום טוב תקיח,ד-ה"
2029-09-21,"יום טוב תקיח,ו-ז"
2029-09-22,"יום טוב תקיח,ח-ט"
2029-09-23,"יום טוב תקיט,א"
2029-09-24,"לולב תרנח, ה"
2029-09-25,"לולב תרנח,ו"
2029-09-26,"לולב תרנח,ז-ט"
2029-09-27,"לולב תרנט,א-תרס,א"
2029-09-28,"לולב תרס,ב-תרסא,א"
2029-09-29,"לולב תרסב,א-תרסג,ג"
2029-09-30,"לולב תרסו, א"
2029-10-01,"לולב תרסט,א"
2029-10-02,"רשויות שבת שסד,א-ב"
2029-10-03,"רשויות שבת שסד,ג-ה"
2029-10-04,"רשויות שבת שסה,א-ב"
2029-10-05,"רשויות שבת שסה,ג"
2029-10-06,"רשויות שבת שסה,ד-ז"
2029-10-07,"עירובין שסה,ח-שסו,א"
2029-10-08,"עירובין שסו,ב"
2029-10-09,"עירובין שסו,ג"
2029-10-10,"עירובין שסו,ד-ה"
2029-10-11,"עירובין שסו,ו"
2029-10-12,"עירובין שסו,ז-ט"
2029-10-13,"עירובין שסו,י"
2029-10-14,"עירובין שסו,יא-יד"
2029-10-15,"עירובין שסז,א"
2029-10-16,"עירובין שסח,א-ב"
2029-10-17,"עירובין שסח,ג-ד"
2029-10-18,"עירובין שסט,א-שע,א"
2029-10-19,"עירובין שע,ב"
2029-10-20,"עירובין שע,ג"
2029-10-21,"עירובין שע,ד-ה"
2029-10-22,"עירובין שע,ו-ח"
2029-10-23,"עירובין שעא,א"
2029-10-24,"עירובין שעא,ב"
2029-10-25,"עירובין שעא,ג-ד"
2029-10-26,"עירובין שעא,ה-ו"
2029-10-27,"עירובין שעב,א"
2029-10-28,"עירובין שעב,ב-ג"
2029-10-29,"עירובין שעב,ד-ה"
2029-10-30,"עירובין שעב,ו-ז"
2029-10-31,"עירובין שעב,ח"
2029-11-01,"עירובין שעב,ט-יב"
2029-11-02,"עירובין שעב,יג-טז"
2029-11-03,"עירובין שעב,יז-יט"
2029-11-04,"עירובין שעג,א"
2029-11-05,"עירובין שעד,א"
2029-11-06,"עירובין שעד,ב-ד"
2029-11-07,"עירובין שעה,א-ב"
2029-11-08,"עירובין שעה,ג-שעו,א"
2029-11-09,"עירובין שעו,ב-ד"
2029-11-10,"עירובין שעז,א"
2029-11-11,"עירובין שעח,א-ג"
2029-11-12,"עירובין שעח,ד-שעט,ב"
2029-11-13,"עירובין שפ,א-ג"
2029-11-14,"עירובין שפ,ד"
2029-11-15,"עירובין שפא,א-ג"
2029-11-16,"עירובין שפא,ד-ז"
2029-11-17,"עירובין שפב,א"
2029-11-18,"עירובין שפב,ב-ה"
2029-11-19,"עירובין שפב,ו-ט"
2029-11-20,"עירובין שפב,י-יג"
2029-11-21,"עירובין שפב,יד-טו"
2029-11-22,"עירובין שפב,טז-יח"
2029-11-23,"עירובין שפב,יט-כ"
2029-11-24,"עירובין שפג,א"
2029-11-25,"עירובין שפד,א-ב"
2029-11-26,"עירובין שפה,א-ב"
2029-11-27,"עירובין שפו,א-ב"
2029-11-28,"עירובין שפו,ג-ה"
2029-11-29,"עירובין שפו,ו-ז"
2029-11-30,"עירובין שפו,ח-ט"
2029-12-01,"חנוכה תרעה,א-ג"
2029-12-02,"חנוכה תרעו,א-ד"
2029-12-03,"עירובין שפז,א"
2029-12-04,"עירובין שפח,א-שפט,א"
2029-12-05,"עירובין שצ,א-ב"
2029-12-06,"עירובין שצא,א"
2029-12-07,"עירובין שצא,ב"
2029-12-08,"עירובין שצב,א"
2029-12-09,"עירובין שצב,ב-ה"
2029-12-10,"עירובין שצב,ו-ח"
2029-12-11,"עירובין שצג,א-ג"
2029-12-12,"עירובין שצד,א-ג"
2029-12-13,"תחומין שצה,א-שצו,ב"
2029-12-14,"תחומין שצז,א-ד"
2029-12-15,"תחומין שצז,ה-ט"
2029-12-16,"תחומין שצז,י-טו"
2029-12-17,"תחומין שצז,טז-שצח,א"
2029-12-18,"תחומין שצח,ב-ד"
2029-12-19,"תחומין שצח,ה-ו"
2029-12-20,"תחומין שצח,ז-ח"
2029-12-21,"תחומין שצח,ט-יא"
2029-12-22,"תחומין שצט,א-ד"
2029-12-23,"תחומין שצט,ה-ח"
2029-12-24,"תחומין שצט,ט-יא"
2029-12-25,"תחומין ת,א"
2029-12-26,"תחומין תא,א"
2029-12-27,"תחומין תב,א"
2029-12-28,"תחומין תג,א"
2029-12-29,"תחומין תד,א"
2029-12-30,"תחומין תה,א-ד"
2029-12-31,"תחומין תה,ה-ו"
2030-01-01,"תחומין תה,ז-ח"
2030-01-02,"תחומין תה,ט"
2030-01-03,"תחומין תו,א-תז,ג"
2030-01-04,"ערובי תחומין תח,א (חצי סעיף)"
2030-01-05,"ערובי תחומין תח,א (חצי סעיף)"
2030-01-06,"ערובי תחומין תח,ב-ד"
2030-01-07,"ערובי תחומין תט,א-ג"
2030-01-08,"ערובי תחומין תט,ד-ו"
2030-01-09,"ערובי תחומין תט,ז"
2030-01-10,"ערובי תחומין תט,ח-י"
2030-01-11,"ערובי תחומין תט,יא"
2030-01-12,"ערובי תחומין תט,יב-תי,א"
2030-01-13,"ערובי תחומין תי,ב-תיא,א"
2030-01-14,"ערובי תחומין תיב,א-תיג,א"
2030-01-15,"ערובי תחומין תיד,א-ב"
2030-01-16,"ערובי תחומין תטו,א"
2030-01-17,"תחומין תטו,ב-ד"
2030-01-18,"תחומין תטז,א"
2030-01-19,"תחומין תטז,ב"
2030-01-20,"תחומין תטז,ג-ה"
2030-01-21,"ראש חודש תיז,א"
2030-01-22,"ראש חודש תיח,א-ג"
2030-01-23,"ראש חודש תיח,ד-תיט,א"
2030-01-24,"ראש חודש תכ,א-תכא,א"
2030-01-25,"ראש חודש תכב,א"
2030-01-26,"ראש חודש תכב,ב-ג"
2030-01-27,"ראש חודש תכב,ד-ז"
2030-01-28,"ראש חודש תכג,א-ד"
2030-01-29,"ראש חודש תכד,א-תכה,א"
2030-01-30,"ראש חודש תכה,ב-תכו,א"
2030-01-31,ראש חודש
2030-02-01,ראש חודש
2030-02-02,"ראש חודש תכו,ג-תכז,א"
2030-02-03,"ראש חודש תכח,א-ג"
2030-02-04,"ראש חודש תכח,ד-ה"
2030-02-05,"ראש חודש תכח,ו-ז"
2030-02-06,"ראש חודש תכח,ח"
2030-02-07,"חול המועד תקל,א"
2030-02-08,"חול המועד תקלא,א-ד"
2030-02-09,"חול המועד תקלא,ה-ח"
2030-02-10,"חול המועד תקלב,א-ב"
2030-02-11,"חול המועד תקלג,א-ב"
2030-02-12,"חול המועד תקלג,ג-ה"
2030-02-13,"חול המועד תקלד,א"
2030-02-14,"חול המועד תקלד,ב-תקלה,ג"
2030-02-15,"חול המועד תקלו,א-ד"
2030-02-16,"חול המועד תקלז,א-ב"
2030-02-17,"חול המועד תקלז,ג-ו"
2030-02-18,"חול המועד תקלז,ז-יג"
2030-02-19,"חול המועד תקלז,יד-טז"
2030-02-20,"חול המועד תקלח,א-ג"
2030-02-21,"חול המועד תקלח,ד-ו"
2030-02-22,"חול המועד תקלט,א-ג"
2030-02-23,"חול המועד תקלט,ד-ו"
2030-02-24,"חול המועד תקלט,ז-יא"
2030-02-25,"חול המועד תקלט,יב-יד"
2030-02-26,"חול המועד תקמ,א-ג"
2030-02-27,"חול המועד תקמ,ד-ח"
2030-02-28,"חול המועד תקמא,א-ג"
2030-03-01,"חול המועד תקמא,ד-ה"
2030-03-02,"חול המועד תקמב,א"
2030-03-03,"חול המועד תקמב,ב"
2030-03-04,"חול המועד תקמג,א-ג"
2030-03-05,"חול המועד תקמד,א-ב"
2030-03-06,"חול המועד תקמה,א-ב"
2030-03-07,"חול המועד תקמה,ג-ד"
2030-03-08,"חול המועד תקמה,ה"
2030-03-09,"חול המועד תקמה,ו-ז"
2030-03-10,"מגילה תרצב,א-ב"
2030-03-11,"מגילה תרצב,ג-ד"
2030-03-12,מגילה תרצג.א-ד
2030-03-13,"מגילה תרצד,א"
2030-03-14,"מגילה תרצד,ב-ד"
2030-03-15,"מגילה תרצה,א-ב"
2030-03-16,"מגילה תרצה,ב-ד"
2030-03-17,"מגילה תרצו,א-ה"
2030-03-18,"מגילה תרצו,ו-ז"
2030-03-19,"מגילה תרצו,ח-תרצז,א"
2030-03-20,"פסח תעג,ו"
2030-03-21,"פסח תעג,ז-תעד,א"
2030-03-22,"פסח תעה,א"
2030-03-23,"פסח תעה,ב-ה"
2030-03-24,"פסח תעה,ו-תעו,ב"
2030-03-25,"פסח תעז,א-ב"
2030-03-26,"פסח תעח,א-תעט,א"
2030-03-27,"פסח תפ,א"
2030-03-28,"פסח תפא,א-ב"
2030-03-29,"פסח תפב,א"
2030-03-30,"פסח תפג,א"
2030-03-31,"פסח תפד,א-תפה,א"
2030-04-01,"פסח תפו,א-תפז,א"
2030-04-02,"פסח תפז,ב-ד"
2030-04-03,"פסח תפח,א-ב"
2030-04-04,"פסח תפח,ג"
2030-04-05,"פסח תפט,א (סק""ו)"
2030-04-06,"פסח תפט,(ז-יא)"
2030-04-07,"פסח תפט,ב-ג"
2030-04-08,"פסח תפט,ד-ה"
2030-04-09,"פסח תפט,ו-ח"
2030-04-10,"פסח תפט,ט-י"
2030-04-11,"פסח תצ,א-ו"
2030-04-12,"פסח תצ,ז-ט"
2030-04-13,"פסח תצא,א-תצב,א"
2030-04-14,"פסח תצג,א-ב"
2030-04-15,"פסח תצג,ג-ד"
2030-04-16,"חול המועד תקמה,ח-יא"
2030-04-17,"חול המועד תקמו,א-ד"
2030-04-18,"חול המועד תקמו,ה-תקמז,ד"
2030-04-19,"חול המועד תקמז,ה-י"
2030-04-20,"חול המועד תקמז,יא-תקמח,ג"
2030-04-21,"חול המועד תקמח,ד-ה"
2030-04-22,"חול המועד תקמח,ו-ז"
2030-04-23,"חול המועד תקמח,ח-י"
2030-04-24,"חול המועד תקמח,יא-כ"
2030-04-25,"יום טוב תקיט,ב-תקכא,ג"
2030-04-26,"יום טוב תקכב,א-תקכג,ד"
2030-04-27,"יום טוב תקכד,א-תקכה,ב"
2030-04-28,"יום טוב תקכו,א"
2030-04-29,"יום טוב תקכו,ב-ג"
2030-04-30,"יום טוב תקכו,ד"
2030-05-01,"יום טוב תקכו,ה-ו"
2030-05-02,"יום טוב תקכו,ז-ח"
2030-05-03,"יום טוב תקכו,ט-י"
2030-05-04,"יום טוב תקכו,יא-יב"
2030-05-05,"יום טוב תקכז,א"
2030-05-06,"יום טוב תקכז,ב-ד"
2030-05-07,"יום טוב תקכז,ה-ו"
2030-05-08,"יום טוב תקכז,ז-ט"
2030-05-09,"יום טוב תקכז,י-יג"
2030-05-10,"יום טוב תקכז,יד-יז"
2030-05-11,"יום טוב תקכז,יח-כ"
2030-05-12,"יום טוב תקכז,כא-כד"
2030-05-13,"יום טוב תקכח,א-ב"
2030-05-14,"יום טוב תקכט,א"
2030-05-15,"יום טוב תקכט,ב-ד"
